{
    "loss": 1.396776556968689,
    "Accuracy": 0.8533333539962769
}