{
    "loss": 0.609536349773407,
    "Accuracy": 0.8566666841506958
}